[{"gen": 14, "id": 6, "fitness": -1, "path": "snapshots/14_gen/6.cc", "time": 0.0003612041473388672}, {"gen": 14, "id": 3, "fitness": -1, "path": "snapshots/14_gen/3.cc", "time": 20.455808639526367}, {"gen": 14, "id": 2, "fitness": -1, "path": "snapshots/14_gen/2.cc", "time": 21.02490258216858}, {"gen": 14, "id": 7, "fitness": -1, "path": "snapshots/14_gen/7.cc", "time": 20.83026647567749}, {"gen": 14, "id": 0, "fitness": -1, "path": "snapshots/14_gen/0.cc", "time": 21.439489126205444}, {"gen": 14, "id": 9, "fitness": -1, "path": "snapshots/14_gen/9.cc", "time": 21.250287771224976}, {"gen": 14, "id": 10, "fitness": -1, "path": "snapshots/14_gen/10.cc", "time": 21.678125858306885}, {"gen": 14, "id": 8, "fitness": -1, "path": "snapshots/14_gen/8.cc", "time": 47.79501914978027}, {"gen": 14, "id": 4, "fitness": -1, "path": "snapshots/14_gen/4.cc", "time": 48.73835277557373}, {"gen": 14, "id": 1, "fitness": -1, "path": "snapshots/14_gen/1.cc", "time": 49.50189280509949}, {"gen": 14, "id": 5, "fitness": -1, "path": "snapshots/14_gen/5.cc", "time": 49.769465923309326}, {"gen": 14, "id": 13, "fitness": -1, "path": "snapshots/14_gen/13.cc", "time": 30.17414665222168}, {"gen": 14, "id": 11, "fitness": -1, "path": "snapshots/14_gen/11.cc", "time": 33.74348855018616}]