[{"gen": 20, "id": 3, "fitness": -1, "path": "snapshots/20_gen/3.cc", "time": 0.0003376007080078125}, {"gen": 20, "id": 4, "fitness": -1, "path": "snapshots/20_gen/4.cc", "time": 0.0004646778106689453}, {"gen": 20, "id": 5, "fitness": -1, "path": "snapshots/20_gen/5.cc", "time": 0.0007245540618896484}, {"gen": 20, "id": 7, "fitness": -1, "path": "snapshots/20_gen/7.cc", "time": 0.0005192756652832031}, {"gen": 20, "id": 9, "fitness": -1, "path": "snapshots/20_gen/9.cc", "time": 0.0006401538848876953}, {"gen": 20, "id": 11, "fitness": -1, "path": "snapshots/20_gen/11.cc", "time": 0.00040912628173828125}, {"gen": 20, "id": 13, "fitness": -1, "path": "snapshots/20_gen/13.cc", "time": 0.0007526874542236328}, {"gen": 20, "id": 10, "fitness": -1, "path": "snapshots/20_gen/10.cc", "time": 0.00039887428283691406}, {"gen": 20, "id": 14, "fitness": -1, "path": "snapshots/20_gen/14.cc", "time": 0.0013725757598876953}, {"gen": 20, "id": 16, "fitness": -1, "path": "snapshots/20_gen/16.cc", "time": 0.0009348392486572266}, {"gen": 20, "id": 17, "fitness": -1, "path": "snapshots/20_gen/17.cc", "time": 0.0005538463592529297}, {"gen": 20, "id": 18, "fitness": -1, "path": "snapshots/20_gen/18.cc", "time": 0.0005776882171630859}, {"gen": 20, "id": 0, "fitness": 55.24764705882353, "path": "snapshots/20_gen/0.cc", "time": 23.27330756187439}, {"gen": 20, "id": 8, "fitness": 54.89117647058824, "path": "snapshots/20_gen/8.cc", "time": 23.482789516448975}, {"gen": 20, "id": 1, "fitness": 54.89117647058824, "path": "snapshots/20_gen/1.cc", "time": 23.533778429031372}, {"gen": 20, "id": 12, "fitness": 55.24764705882353, "path": "snapshots/20_gen/12.cc", "time": 23.570546865463257}, {"gen": 20, "id": 6, "fitness": 55.24764705882353, "path": "snapshots/20_gen/6.cc", "time": 23.586477756500244}, {"gen": 20, "id": 15, "fitness": 54.89117647058824, "path": "snapshots/20_gen/15.cc", "time": 23.541240453720093}, {"gen": 20, "id": 2, "fitness": 55.24764705882353, "path": "snapshots/20_gen/2.cc", "time": 23.66795563697815}, {"gen": 20, "id": 19, "fitness": 55.24764705882353, "path": "snapshots/20_gen/19.cc", "time": 23.656383991241455}]