[{"gen": 50, "id": 7, "fitness": -1, "path": "snapshots/50_gen/7.cc", "time": 7.963180541992188e-05}, {"gen": 50, "id": 4, "fitness": -1, "path": "snapshots/50_gen/4.cc", "time": 0.7588925361633301}, {"gen": 50, "id": 5, "fitness": 0.12000000000000004, "path": "snapshots/50_gen/5.cc", "time": 1.1207690238952637}, {"gen": 50, "id": 9, "fitness": 0.06947368421052631, "path": "snapshots/50_gen/9.cc", "time": 0.9795424938201904}, {"gen": 50, "id": 8, "fitness": 52.459999999999994, "path": "snapshots/50_gen/8.cc", "time": 8.15989375114441}, {"gen": 50, "id": 1, "fitness": 52.459999999999994, "path": "snapshots/50_gen/1.cc", "time": 8.220390319824219}, {"gen": 50, "id": 6, "fitness": 52.459999999999994, "path": "snapshots/50_gen/6.cc", "time": 8.272799015045166}, {"gen": 50, "id": 0, "fitness": 52.459999999999994, "path": "snapshots/50_gen/0.cc", "time": 8.396829605102539}, {"gen": 50, "id": 3, "fitness": 49.47157894736841, "path": "snapshots/50_gen/3.cc", "time": 8.476573944091797}, {"gen": 50, "id": 2, "fitness": 52.459999999999994, "path": "snapshots/50_gen/2.cc", "time": 8.707087516784668}, {"gen": 50, "id": 12, "fitness": 0.06345684210526314, "path": "snapshots/50_gen/12.cc", "time": 0.9310693740844727}, {"gen": 50, "id": 13, "fitness": 0.06906947368421054, "path": "snapshots/50_gen/13.cc", "time": 0.9737339019775391}, {"gen": 50, "id": 10, "fitness": 49.47157894736841, "path": "snapshots/50_gen/10.cc", "time": 8.326786518096924}, {"gen": 50, "id": 17, "fitness": 0.12000000000000004, "path": "snapshots/50_gen/17.cc", "time": 1.0211162567138672}, {"gen": 50, "id": 11, "fitness": 52.459999999999994, "path": "snapshots/50_gen/11.cc", "time": 8.173265218734741}, {"gen": 50, "id": 21, "fitness": 0.06318315789473684, "path": "snapshots/50_gen/21.cc", "time": 1.031491756439209}, {"gen": 50, "id": 22, "fitness": 0.12000000000000004, "path": "snapshots/50_gen/22.cc", "time": 1.1209766864776611}, {"gen": 50, "id": 23, "fitness": 0.06947368421052631, "path": "snapshots/50_gen/23.cc", "time": 0.9119393825531006}, {"gen": 50, "id": 24, "fitness": 0.6126315789473683, "path": "snapshots/50_gen/24.cc", "time": 1.0857367515563965}, {"gen": 50, "id": 15, "fitness": 52.459999999999994, "path": "snapshots/50_gen/15.cc", "time": 7.941070795059204}, {"gen": 50, "id": 14, "fitness": 52.459999999999994, "path": "snapshots/50_gen/14.cc", "time": 8.131397008895874}, {"gen": 50, "id": 16, "fitness": 52.459999999999994, "path": "snapshots/50_gen/16.cc", "time": 8.417019128799438}, {"gen": 50, "id": 18, "fitness": 52.459999999999994, "path": "snapshots/50_gen/18.cc", "time": 8.066626787185669}, {"gen": 50, "id": 19, "fitness": 44.88631578947369, "path": "snapshots/50_gen/19.cc", "time": 8.007067680358887}, {"gen": 50, "id": 28, "fitness": 1.0989473684210527, "path": "snapshots/50_gen/28.cc", "time": 1.1604728698730469}, {"gen": 50, "id": 20, "fitness": 52.459999999999994, "path": "snapshots/50_gen/20.cc", "time": 8.59351134300232}, {"gen": 50, "id": 26, "fitness": 52.459999999999994, "path": "snapshots/50_gen/26.cc", "time": 7.948889255523682}, {"gen": 50, "id": 27, "fitness": 52.459999999999994, "path": "snapshots/50_gen/27.cc", "time": 8.019956350326538}, {"gen": 50, "id": 29, "fitness": 55.21333333333334, "path": "snapshots/50_gen/29.cc", "time": 8.096431493759155}, {"gen": 50, "id": 25, "fitness": 45.37894736842105, "path": "snapshots/50_gen/25.cc", "time": 17.440998077392578}]