[{"gen": 50, "id": 6, "fitness": -1, "path": "snapshots/50_gen/6.cc", "time": 1.336097002029419}, {"gen": 50, "id": 5, "fitness": 52.459999999999994, "path": "snapshots/50_gen/5.cc", "time": 9.544211626052856}, {"gen": 50, "id": 4, "fitness": 52.459999999999994, "path": "snapshots/50_gen/4.cc", "time": 9.637067794799805}, {"gen": 50, "id": 1, "fitness": 52.459999999999994, "path": "snapshots/50_gen/1.cc", "time": 9.708840131759644}, {"gen": 50, "id": 2, "fitness": 52.459999999999994, "path": "snapshots/50_gen/2.cc", "time": 9.726792812347412}, {"gen": 50, "id": 8, "fitness": 52.459999999999994, "path": "snapshots/50_gen/8.cc", "time": 8.52465271949768}, {"gen": 50, "id": 7, "fitness": 52.459999999999994, "path": "snapshots/50_gen/7.cc", "time": 9.872021198272705}, {"gen": 50, "id": 10, "fitness": 0.0692968421052632, "path": "snapshots/50_gen/10.cc", "time": 1.103635549545288}, {"gen": 50, "id": 11, "fitness": 0.12000000000000004, "path": "snapshots/50_gen/11.cc", "time": 1.1296372413635254}, {"gen": 50, "id": 12, "fitness": 0.12000000000000004, "path": "snapshots/50_gen/12.cc", "time": 1.3515031337738037}, {"gen": 50, "id": 14, "fitness": 0.12000000000000004, "path": "snapshots/50_gen/14.cc", "time": 1.2277343273162842}, {"gen": 50, "id": 15, "fitness": 0.06356210526315789, "path": "snapshots/50_gen/15.cc", "time": 1.0528974533081055}, {"gen": 50, "id": 16, "fitness": 0.12000000000000004, "path": "snapshots/50_gen/16.cc", "time": 1.2342441082000732}, {"gen": 50, "id": 18, "fitness": 0.09999999999999999, "path": "snapshots/50_gen/18.cc", "time": 1.4980826377868652}, {"gen": 50, "id": 21, "fitness": 0.12000000000000004, "path": "snapshots/50_gen/21.cc", "time": 1.1946475505828857}, {"gen": 50, "id": 22, "fitness": 0.12000000000000004, "path": "snapshots/50_gen/22.cc", "time": 1.237945795059204}, {"gen": 50, "id": 23, "fitness": 0.09999999999999999, "path": "snapshots/50_gen/23.cc", "time": 1.2797048091888428}, {"gen": 50, "id": 13, "fitness": 52.459999999999994, "path": "snapshots/50_gen/13.cc", "time": 9.896491765975952}, {"gen": 50, "id": 17, "fitness": 49.47157894736841, "path": "snapshots/50_gen/17.cc", "time": 9.573570966720581}, {"gen": 50, "id": 25, "fitness": -1, "path": "snapshots/50_gen/25.cc", "time": 1.2755897045135498}, {"gen": 50, "id": 19, "fitness": 52.459999999999994, "path": "snapshots/50_gen/19.cc", "time": 9.613279342651367}, {"gen": 50, "id": 26, "fitness": 0.12000000000000004, "path": "snapshots/50_gen/26.cc", "time": 1.1361613273620605}, {"gen": 50, "id": 20, "fitness": 52.459999999999994, "path": "snapshots/50_gen/20.cc", "time": 9.974071502685547}, {"gen": 50, "id": 29, "fitness": -1, "path": "snapshots/50_gen/29.cc", "time": 1.282637119293213}, {"gen": 50, "id": 24, "fitness": 52.459999999999994, "path": "snapshots/50_gen/24.cc", "time": 8.067394733428955}, {"gen": 50, "id": 9, "fitness": 1.3959915789473685, "path": "snapshots/50_gen/9.cc", "time": 14.975640535354614}, {"gen": 50, "id": 27, "fitness": 52.459999999999994, "path": "snapshots/50_gen/27.cc", "time": 7.649182081222534}, {"gen": 50, "id": 28, "fitness": 49.47157894736841, "path": "snapshots/50_gen/28.cc", "time": 7.5423054695129395}, {"gen": 50, "id": 30, "fitness": 54.453333333333326, "path": "snapshots/50_gen/30.cc", "time": 7.166491746902466}, {"gen": 50, "id": 0, "fitness": 10.915873684210524, "path": "snapshots/50_gen/0.cc", "time": 49.684683322906494}, {"gen": 50, "id": 3, "fitness": -1, "path": "snapshots/50_gen/3.cc", "time": 120.11568069458008}]