[{"gen": 50, "id": 2, "fitness": -1, "path": "snapshots/50_gen/2.cc", "time": 6.842613220214844e-05}, {"gen": 50, "id": 0, "fitness": 0.12000000000000004, "path": "snapshots/50_gen/0.cc", "time": 1.096949577331543}, {"gen": 50, "id": 5, "fitness": 0.12000000000000004, "path": "snapshots/50_gen/5.cc", "time": 1.142775535583496}, {"gen": 50, "id": 3, "fitness": 0.12000000000000004, "path": "snapshots/50_gen/3.cc", "time": 1.1786015033721924}, {"gen": 50, "id": 10, "fitness": 0.12000000000000004, "path": "snapshots/50_gen/10.cc", "time": 1.2263507843017578}, {"gen": 50, "id": 12, "fitness": -1, "path": "snapshots/50_gen/12.cc", "time": 1.2672386169433594}, {"gen": 50, "id": 8, "fitness": 49.47157894736841, "path": "snapshots/50_gen/8.cc", "time": 6.328904151916504}, {"gen": 50, "id": 1, "fitness": 52.459999999999994, "path": "snapshots/50_gen/1.cc", "time": 7.498647212982178}, {"gen": 50, "id": 6, "fitness": 52.459999999999994, "path": "snapshots/50_gen/6.cc", "time": 9.150016069412231}, {"gen": 50, "id": 4, "fitness": 52.459999999999994, "path": "snapshots/50_gen/4.cc", "time": 9.289231538772583}, {"gen": 50, "id": 7, "fitness": 52.459999999999994, "path": "snapshots/50_gen/7.cc", "time": 9.557615280151367}, {"gen": 50, "id": 9, "fitness": 52.459999999999994, "path": "snapshots/50_gen/9.cc", "time": 9.286765336990356}, {"gen": 50, "id": 11, "fitness": 52.459999999999994, "path": "snapshots/50_gen/11.cc", "time": 9.23322868347168}, {"gen": 50, "id": 17, "fitness": 0.12000000000000004, "path": "snapshots/50_gen/17.cc", "time": 1.1856722831726074}, {"gen": 50, "id": 18, "fitness": 0.12000000000000004, "path": "snapshots/50_gen/18.cc", "time": 1.2751491069793701}, {"gen": 50, "id": 13, "fitness": 52.459999999999994, "path": "snapshots/50_gen/13.cc", "time": 8.670777559280396}, {"gen": 50, "id": 14, "fitness": 52.459999999999994, "path": "snapshots/50_gen/14.cc", "time": 6.9097254276275635}, {"gen": 50, "id": 15, "fitness": 52.459999999999994, "path": "snapshots/50_gen/15.cc", "time": 7.614285230636597}, {"gen": 50, "id": 22, "fitness": 19.894736842105264, "path": "snapshots/50_gen/22.cc", "time": 4.333872318267822}, {"gen": 50, "id": 26, "fitness": 0.12000000000000004, "path": "snapshots/50_gen/26.cc", "time": 1.0426936149597168}, {"gen": 50, "id": 25, "fitness": -1, "path": "snapshots/50_gen/25.cc", "time": 1.3659110069274902}, {"gen": 50, "id": 28, "fitness": 0.06592, "path": "snapshots/50_gen/28.cc", "time": 1.057081937789917}, {"gen": 50, "id": 19, "fitness": 52.459999999999994, "path": "snapshots/50_gen/19.cc", "time": 7.868968486785889}, {"gen": 50, "id": 16, "fitness": 52.459999999999994, "path": "snapshots/50_gen/16.cc", "time": 9.129896402359009}, {"gen": 50, "id": 21, "fitness": 52.459999999999994, "path": "snapshots/50_gen/21.cc", "time": 9.282287836074829}, {"gen": 50, "id": 23, "fitness": 52.459999999999994, "path": "snapshots/50_gen/23.cc", "time": 7.550097942352295}, {"gen": 50, "id": 20, "fitness": 47.677894736842106, "path": "snapshots/50_gen/20.cc", "time": 9.574033260345459}, {"gen": 50, "id": 29, "fitness": 54.84000000000001, "path": "snapshots/50_gen/29.cc", "time": 7.5947184562683105}, {"gen": 50, "id": 27, "fitness": 44.16, "path": "snapshots/50_gen/27.cc", "time": 14.86177372932434}, {"gen": 50, "id": 24, "fitness": 33.44945263157894, "path": "snapshots/50_gen/24.cc", "time": 24.82441234588623}]