[{"gen": 14, "id": 0, "fitness": -1, "path": "snapshots/14_gen/0.cc", "time": 3.645753860473633}, {"gen": 14, "id": 2, "fitness": 0.06947368421052631, "path": "snapshots/14_gen/2.cc", "time": 3.8659253120422363}, {"gen": 14, "id": 7, "fitness": 52.459999999999994, "path": "snapshots/14_gen/7.cc", "time": 10.175284147262573}, {"gen": 14, "id": 12, "fitness": -1, "path": "snapshots/14_gen/12.cc", "time": 0.00013589859008789062}, {"gen": 14, "id": 3, "fitness": 53.513333333333335, "path": "snapshots/14_gen/3.cc", "time": 10.263008117675781}, {"gen": 14, "id": 8, "fitness": 52.459999999999994, "path": "snapshots/14_gen/8.cc", "time": 10.422820091247559}, {"gen": 14, "id": 5, "fitness": 52.459999999999994, "path": "snapshots/14_gen/5.cc", "time": 10.487128019332886}, {"gen": 14, "id": 9, "fitness": 52.459999999999994, "path": "snapshots/14_gen/9.cc", "time": 10.434633016586304}, {"gen": 14, "id": 1, "fitness": 52.459999999999994, "path": "snapshots/14_gen/1.cc", "time": 10.55137825012207}, {"gen": 14, "id": 6, "fitness": 52.459999999999994, "path": "snapshots/14_gen/6.cc", "time": 10.729114055633545}, {"gen": 14, "id": 4, "fitness": 54.02666666666666, "path": "snapshots/14_gen/4.cc", "time": 10.959288120269775}, {"gen": 14, "id": 11, "fitness": 53.513333333333335, "path": "snapshots/14_gen/11.cc", "time": 9.261937856674194}, {"gen": 14, "id": 10, "fitness": 52.459999999999994, "path": "snapshots/14_gen/10.cc", "time": 9.735076904296875}, {"gen": 14, "id": 18, "fitness": 53.513333333333335, "path": "snapshots/14_gen/18.cc", "time": 10.286210298538208}, {"gen": 14, "id": 13, "fitness": 52.459999999999994, "path": "snapshots/14_gen/13.cc", "time": 10.6167151927948}, {"gen": 14, "id": 20, "fitness": 53.513333333333335, "path": "snapshots/14_gen/20.cc", "time": 10.473514318466187}, {"gen": 14, "id": 15, "fitness": 52.459999999999994, "path": "snapshots/14_gen/15.cc", "time": 11.079281330108643}, {"gen": 14, "id": 14, "fitness": 53.513333333333335, "path": "snapshots/14_gen/14.cc", "time": 11.4119291305542}, {"gen": 14, "id": 19, "fitness": 53.513333333333335, "path": "snapshots/14_gen/19.cc", "time": 11.036635398864746}, {"gen": 14, "id": 16, "fitness": 53.513333333333335, "path": "snapshots/14_gen/16.cc", "time": 11.407680988311768}, {"gen": 14, "id": 17, "fitness": 53.513333333333335, "path": "snapshots/14_gen/17.cc", "time": 11.426881790161133}, {"gen": 14, "id": 22, "fitness": 52.459999999999994, "path": "snapshots/14_gen/22.cc", "time": 9.87252402305603}, {"gen": 14, "id": 21, "fitness": 52.459999999999994, "path": "snapshots/14_gen/21.cc", "time": 10.44175410270691}, {"gen": 14, "id": 25, "fitness": 53.513333333333335, "path": "snapshots/14_gen/25.cc", "time": 8.899393081665039}, {"gen": 14, "id": 23, "fitness": 53.513333333333335, "path": "snapshots/14_gen/23.cc", "time": 9.561735391616821}, {"gen": 14, "id": 24, "fitness": 52.459999999999994, "path": "snapshots/14_gen/24.cc", "time": 9.664223194122314}, {"gen": 14, "id": 27, "fitness": 53.513333333333335, "path": "snapshots/14_gen/27.cc", "time": 8.915332555770874}, {"gen": 14, "id": 26, "fitness": 52.459999999999994, "path": "snapshots/14_gen/26.cc", "time": 9.048150062561035}, {"gen": 14, "id": 28, "fitness": 52.459999999999994, "path": "snapshots/14_gen/28.cc", "time": 8.84829068183899}, {"gen": 14, "id": 29, "fitness": 54.02666666666666, "path": "snapshots/14_gen/29.cc", "time": 8.830859899520874}]