[{"gen": 50, "id": 1, "fitness": -1, "path": "snapshots/50_gen/1.cc", "time": 7.891654968261719e-05}, {"gen": 50, "id": 6, "fitness": 0.06947368421052631, "path": "snapshots/50_gen/6.cc", "time": 1.1339704990386963}, {"gen": 50, "id": 2, "fitness": 0.06317052631578947, "path": "snapshots/50_gen/2.cc", "time": 1.1991188526153564}, {"gen": 50, "id": 3, "fitness": -1, "path": "snapshots/50_gen/3.cc", "time": 1.3876621723175049}, {"gen": 50, "id": 9, "fitness": 0.06319578947368425, "path": "snapshots/50_gen/9.cc", "time": 0.9917516708374023}, {"gen": 50, "id": 10, "fitness": 0.06947368421052631, "path": "snapshots/50_gen/10.cc", "time": 1.028425693511963}, {"gen": 50, "id": 4, "fitness": 52.459999999999994, "path": "snapshots/50_gen/4.cc", "time": 8.439632892608643}, {"gen": 50, "id": 0, "fitness": 52.459999999999994, "path": "snapshots/50_gen/0.cc", "time": 8.581878662109375}, {"gen": 50, "id": 7, "fitness": 52.459999999999994, "path": "snapshots/50_gen/7.cc", "time": 8.604552984237671}, {"gen": 50, "id": 5, "fitness": 52.459999999999994, "path": "snapshots/50_gen/5.cc", "time": 8.630166053771973}, {"gen": 50, "id": 8, "fitness": 52.459999999999994, "path": "snapshots/50_gen/8.cc", "time": 8.893394470214844}, {"gen": 50, "id": 15, "fitness": 1.3263157894736843, "path": "snapshots/50_gen/15.cc", "time": 1.2257766723632812}, {"gen": 50, "id": 18, "fitness": 0.06947368421052631, "path": "snapshots/50_gen/18.cc", "time": 1.0962800979614258}, {"gen": 50, "id": 11, "fitness": 52.459999999999994, "path": "snapshots/50_gen/11.cc", "time": 8.935472249984741}, {"gen": 50, "id": 12, "fitness": 52.459999999999994, "path": "snapshots/50_gen/12.cc", "time": 8.391812562942505}, {"gen": 50, "id": 19, "fitness": 0.12000000000000004, "path": "snapshots/50_gen/19.cc", "time": 0.9249804019927979}, {"gen": 50, "id": 13, "fitness": 52.459999999999994, "path": "snapshots/50_gen/13.cc", "time": 8.72404146194458}, {"gen": 50, "id": 20, "fitness": -1, "path": "snapshots/50_gen/20.cc", "time": 1.3148348331451416}, {"gen": 50, "id": 21, "fitness": 0.12000000000000004, "path": "snapshots/50_gen/21.cc", "time": 1.049318790435791}, {"gen": 50, "id": 22, "fitness": 0.0751705263157895, "path": "snapshots/50_gen/22.cc", "time": 1.1140820980072021}, {"gen": 50, "id": 24, "fitness": 0.06725052631578947, "path": "snapshots/50_gen/24.cc", "time": 1.1961827278137207}, {"gen": 50, "id": 14, "fitness": 52.459999999999994, "path": "snapshots/50_gen/14.cc", "time": 8.752193689346313}, {"gen": 50, "id": 17, "fitness": 52.459999999999994, "path": "snapshots/50_gen/17.cc", "time": 8.560909748077393}, {"gen": 50, "id": 23, "fitness": 52.459999999999994, "path": "snapshots/50_gen/23.cc", "time": 8.676063060760498}, {"gen": 50, "id": 25, "fitness": 49.47157894736841, "path": "snapshots/50_gen/25.cc", "time": 8.806238651275635}, {"gen": 50, "id": 27, "fitness": 52.459999999999994, "path": "snapshots/50_gen/27.cc", "time": 8.866359949111938}, {"gen": 50, "id": 28, "fitness": 52.459999999999994, "path": "snapshots/50_gen/28.cc", "time": 8.369000434875488}, {"gen": 50, "id": 34, "fitness": 0.06947368421052631, "path": "snapshots/50_gen/34.cc", "time": 1.041452169418335}, {"gen": 50, "id": 29, "fitness": 52.459999999999994, "path": "snapshots/50_gen/29.cc", "time": 8.17794418334961}, {"gen": 50, "id": 30, "fitness": 52.459999999999994, "path": "snapshots/50_gen/30.cc", "time": 8.852043390274048}, {"gen": 50, "id": 31, "fitness": 52.459999999999994, "path": "snapshots/50_gen/31.cc", "time": 8.441462278366089}, {"gen": 50, "id": 32, "fitness": 52.459999999999994, "path": "snapshots/50_gen/32.cc", "time": 8.427478790283203}, {"gen": 50, "id": 33, "fitness": 52.459999999999994, "path": "snapshots/50_gen/33.cc", "time": 8.842547416687012}, {"gen": 50, "id": 35, "fitness": 55.213333333333345, "path": "snapshots/50_gen/35.cc", "time": 8.775039196014404}, {"gen": 50, "id": 26, "fitness": 41.791578947368414, "path": "snapshots/50_gen/26.cc", "time": 22.53542709350586}, {"gen": 50, "id": 16, "fitness": -1, "path": "snapshots/50_gen/16.cc", "time": 120.10416150093079}]