[{"gen": 50, "id": 4, "fitness": -1, "path": "snapshots/50_gen/4.cc", "time": 2.9180908203125}, {"gen": 50, "id": 8, "fitness": -1, "path": "snapshots/50_gen/8.cc", "time": 8.344650268554688e-05}, {"gen": 50, "id": 1, "fitness": 52.369411764705895, "path": "snapshots/50_gen/1.cc", "time": 103.48192882537842}, {"gen": 50, "id": 7, "fitness": 52.369411764705895, "path": "snapshots/50_gen/7.cc", "time": 105.05158495903015}, {"gen": 50, "id": 0, "fitness": 52.369411764705895, "path": "snapshots/50_gen/0.cc", "time": 108.08571028709412}, {"gen": 50, "id": 5, "fitness": 49.77217391304347, "path": "snapshots/50_gen/5.cc", "time": 109.52592825889587}, {"gen": 50, "id": 2, "fitness": 41.561739130434816, "path": "snapshots/50_gen/2.cc", "time": 110.2155408859253}, {"gen": 50, "id": 6, "fitness": 52.369411764705895, "path": "snapshots/50_gen/6.cc", "time": 112.14210915565491}, {"gen": 50, "id": 15, "fitness": -1, "path": "snapshots/50_gen/15.cc", "time": 6.67572021484375e-05}, {"gen": 50, "id": 3, "fitness": 52.814117647058836, "path": "snapshots/50_gen/3.cc", "time": 112.17188811302185}, {"gen": 50, "id": 9, "fitness": 52.369411764705895, "path": "snapshots/50_gen/9.cc", "time": 113.00262570381165}, {"gen": 50, "id": 11, "fitness": 52.369411764705895, "path": "snapshots/50_gen/11.cc", "time": 107.79267263412476}, {"gen": 50, "id": 10, "fitness": 54.478235294117624, "path": "snapshots/50_gen/10.cc", "time": 111.35874724388123}, {"gen": 50, "id": 12, "fitness": 52.369411764705895, "path": "snapshots/50_gen/12.cc", "time": 107.76172041893005}, {"gen": 50, "id": 19, "fitness": 0.07652173913043482, "path": "snapshots/50_gen/19.cc", "time": 4.189204454421997}, {"gen": 50, "id": 13, "fitness": 52.988823529411775, "path": "snapshots/50_gen/13.cc", "time": 108.50323343276978}, {"gen": 50, "id": 14, "fitness": 52.369411764705895, "path": "snapshots/50_gen/14.cc", "time": 108.98435401916504}, {"gen": 50, "id": 17, "fitness": 52.369411764705895, "path": "snapshots/50_gen/17.cc", "time": 108.22483992576599}, {"gen": 50, "id": 16, "fitness": 49.77217391304347, "path": "snapshots/50_gen/16.cc", "time": 112.20510411262512}, {"gen": 50, "id": 26, "fitness": -1, "path": "snapshots/50_gen/26.cc", "time": 0.00010323524475097656}, {"gen": 50, "id": 18, "fitness": 52.63941176470589, "path": "snapshots/50_gen/18.cc", "time": 110.17216420173645}, {"gen": 50, "id": 28, "fitness": -1, "path": "snapshots/50_gen/28.cc", "time": 0.00014162063598632812}, {"gen": 50, "id": 22, "fitness": 52.369411764705895, "path": "snapshots/50_gen/22.cc", "time": 106.72456383705139}, {"gen": 50, "id": 20, "fitness": 52.369411764705895, "path": "snapshots/50_gen/20.cc", "time": 109.40735840797424}, {"gen": 50, "id": 21, "fitness": 52.369411764705895, "path": "snapshots/50_gen/21.cc", "time": 108.53402256965637}, {"gen": 50, "id": 25, "fitness": 52.369411764705895, "path": "snapshots/50_gen/25.cc", "time": 107.32596254348755}, {"gen": 50, "id": 24, "fitness": 49.77217391304347, "path": "snapshots/50_gen/24.cc", "time": 110.22604560852051}, {"gen": 50, "id": 27, "fitness": 52.814117647058836, "path": "snapshots/50_gen/27.cc", "time": 108.16253018379211}, {"gen": 50, "id": 23, "fitness": 54.89117647058824, "path": "snapshots/50_gen/23.cc", "time": 115.1667206287384}, {"gen": 50, "id": 29, "fitness": 55.247647058823546, "path": "snapshots/50_gen/29.cc", "time": 109.63848924636841}]