[{"gen": 9, "id": 8, "fitness": 52.27588235294119, "path": "snapshots/9_gen/8.cc", "time": 24.416173458099365}, {"gen": 9, "id": 2, "fitness": 52.73294117647061, "path": "snapshots/9_gen/2.cc", "time": 24.760096549987793}, {"gen": 9, "id": 3, "fitness": 52.496470588235304, "path": "snapshots/9_gen/3.cc", "time": 24.782995223999023}, {"gen": 9, "id": 4, "fitness": 52.58294117647059, "path": "snapshots/9_gen/4.cc", "time": 24.7615704536438}, {"gen": 9, "id": 6, "fitness": 52.814117647058836, "path": "snapshots/9_gen/6.cc", "time": 24.77928328514099}, {"gen": 9, "id": 1, "fitness": 52.814117647058836, "path": "snapshots/9_gen/1.cc", "time": 24.87182116508484}, {"gen": 9, "id": 5, "fitness": 52.814117647058836, "path": "snapshots/9_gen/5.cc", "time": 24.906996488571167}, {"gen": 9, "id": 7, "fitness": 52.27588235294119, "path": "snapshots/9_gen/7.cc", "time": 24.883158683776855}, {"gen": 9, "id": 0, "fitness": 52.814117647058836, "path": "snapshots/9_gen/0.cc", "time": 25.0285964012146}, {"gen": 9, "id": 9, "fitness": 52.814117647058836, "path": "snapshots/9_gen/9.cc", "time": 25.196934700012207}, {"gen": 9, "id": 14, "fitness": 52.814117647058836, "path": "snapshots/9_gen/14.cc", "time": 18.283118724822998}, {"gen": 9, "id": 11, "fitness": 52.231764705882355, "path": "snapshots/9_gen/11.cc", "time": 18.447179555892944}, {"gen": 9, "id": 10, "fitness": 52.814117647058836, "path": "snapshots/9_gen/10.cc", "time": 18.797996759414673}, {"gen": 9, "id": 13, "fitness": 52.814117647058836, "path": "snapshots/9_gen/13.cc", "time": 18.62527847290039}, {"gen": 9, "id": 12, "fitness": 52.25294117647059, "path": "snapshots/9_gen/12.cc", "time": 18.864641666412354}]